{"cameraMode":{"drawMode":0,"name":"Shaded","section":"Shading Mode"},"sceneLighting":true,"audioPlay":false,"sceneViewState":{"m_AlwaysRefresh":false,"showFog":true,"showSkybox":true,"showFlares":true,"showImageEffects":true,"showParticleSystems":true,"showVisualEffectGraphs":true,"m_FxEnabled":true},"in2DMode":false,"pivot":{"x":-0.5307083129882813,"y":18.531055450439454,"z":29.6531982421875},"rotation":{"x":-0.18890619277954102,"y":0.15950271487236024,"z":-0.031005175784230233,"w":-0.9685229063034058},"size":34.85919189453125,"orthographic":false}