{"cameraMode":{"drawMode":0,"name":"Shaded","section":"Shading Mode"},"sceneLighting":true,"audioPlay":false,"sceneViewState":{"m_AlwaysRefresh":false,"showFog":true,"showSkybox":true,"showFlares":true,"showImageEffects":true,"showParticleSystems":true,"showVisualEffectGraphs":true,"m_FxEnabled":true},"in2DMode":false,"pivot":{"x":29.799999237060548,"y":21.899999618530275,"z":-11.194998741149903},"rotation":{"x":0.13546083867549897,"y":0.11357787996530533,"z":0.0157476719468832,"w":-0.9842004179954529},"size":29.664493560791017,"orthographic":false}